symbol,name,sector,variant,total_return_pct,annualized_pct,max_drawdown_pct,win_rate,total_trades,win_trades,avg_hold_days,bnh_return_pct,final_capital
2330.TW,台積電,半導體,baseline,42.87,8.09,19.95,53.8,13,7,26.4,334.3,1428711
2330.TW,台積電,半導體,A_volume,41.67,7.89,18.21,66.7,9,6,19.8,334.3,1416747
2330.TW,台積電,半導體,B_close_confirm,45.3,8.49,9.42,62.5,8,5,14.8,334.3,1453014
2330.TW,台積電,半導體,C_kbar,34.22,6.63,24.22,66.7,9,6,25.0,334.3,1342199
2330.TW,台積電,半導體,A+C,38.36,7.34,18.21,71.4,7,5,22.3,334.3,1383599
2330.TW,台積電,半導體,B+C,15.44,3.18,18.21,66.7,6,4,17.0,334.3,1154405
2454.TW,聯發科,半導體,baseline,10.97,2.29,48.95,40.9,22,9,20.8,516.74,1109660
2454.TW,聯發科,半導體,A_volume,53.36,9.77,38.07,44.4,18,8,21.1,516.74,1533592
2454.TW,聯發科,半導體,B_close_confirm,29.71,5.84,37.22,43.8,16,7,21.3,516.74,1297111
2454.TW,聯發科,半導體,C_kbar,29.12,5.73,39.76,50.0,16,8,21.0,516.74,1291189
2454.TW,聯發科,半導體,A+C,40.75,7.74,34.35,50.0,14,7,20.9,516.74,1407457
2454.TW,聯發科,半導體,B+C,57.19,10.36,29.1,58.3,12,7,20.8,516.74,1571854
2317.TW,鴻海,半導體,baseline,118.07,18.53,33.08,66.7,15,10,40.2,207.24,2180653
2317.TW,鴻海,半導體,A_volume,117.91,18.51,19.81,66.7,12,8,43.2,207.24,2179072
2317.TW,鴻海,半導體,B_close_confirm,74.95,12.97,16.27,60.0,10,6,45.0,207.24,1749453
2317.TW,鴻海,半導體,C_kbar,69.83,12.24,28.58,61.5,13,8,39.3,207.24,1698308
2317.TW,鴻海,半導體,A+C,107.2,17.22,19.81,63.6,11,7,46.1,207.24,2072015
2317.TW,鴻海,半導體,B+C,74.95,12.97,16.27,60.0,10,6,45.0,207.24,1749453
2357.TW,華碩,電子代工,baseline,-18.11,-4.26,42.34,42.3,26,11,18.3,230.66,818889
2357.TW,華碩,電子代工,A_volume,-16.36,-3.82,36.72,39.1,23,9,17.4,230.66,836417
2357.TW,華碩,電子代工,B_close_confirm,-23.9,-5.78,39.16,41.2,17,7,16.1,230.66,761014
2357.TW,華碩,電子代工,C_kbar,6.49,1.38,31.63,47.1,17,8,19.5,230.66,1064920
2357.TW,華碩,電子代工,A+C,2.92,0.63,31.63,43.8,16,7,18.9,230.66,1029214
2357.TW,華碩,電子代工,B+C,-4.62,-1.03,32.03,46.2,13,6,17.8,230.66,953810
2382.TW,廣達,電子代工,baseline,78.73,13.5,41.19,42.3,26,11,22.5,521.84,1787281
2382.TW,廣達,電子代工,A_volume,146.06,21.69,34.93,52.4,21,11,25.6,521.84,2460649
2382.TW,廣達,電子代工,B_close_confirm,94.98,15.67,38.14,56.2,16,9,25.4,521.84,1949802
2382.TW,廣達,電子代工,C_kbar,73.47,12.76,38.33,50.0,18,9,23.9,521.84,1734712
2382.TW,廣達,電子代工,A+C,99.47,16.25,34.93,56.2,16,9,25.1,521.84,1994735
2382.TW,廣達,電子代工,B+C,54.86,10.01,34.93,57.1,14,8,24.4,521.84,1548590
2383.TW,台光電,電子代工,baseline,341.84,38.26,32.79,57.7,26,15,14.1,2280.69,4418385
2383.TW,台光電,電子代工,A_volume,107.35,17.24,35.33,50.0,18,9,13.1,2280.69,2073459
2383.TW,台光電,電子代工,B_close_confirm,90.14,15.04,29.14,61.5,13,8,15.3,2280.69,1901418
2383.TW,台光電,電子代工,C_kbar,135.18,20.5,33.89,61.5,13,8,20.3,2280.69,2351833
2383.TW,台光電,電子代工,A+C,94.94,15.67,27.24,60.0,10,6,14.2,2280.69,1949379
2383.TW,台光電,電子代工,B+C,63.84,11.37,27.24,62.5,8,5,15.1,2280.69,1638450
2882.TW,國泰金,金融,baseline,36.25,6.98,27.63,50.0,14,7,45.9,109.87,1362470
2882.TW,國泰金,金融,A_volume,36.71,7.06,22.73,50.0,12,6,51.0,109.87,1367063
2882.TW,國泰金,金融,B_close_confirm,2.48,0.54,22.61,40.0,10,4,43.6,109.87,1024798
2882.TW,國泰金,金融,C_kbar,13.15,2.73,27.86,50.0,14,7,41.1,109.87,1131483
2882.TW,國泰金,金融,A+C,14.5,3.0,22.96,50.0,12,6,46.2,109.87,1144970
2882.TW,國泰金,金融,B+C,1.37,0.3,23.45,40.0,10,4,42.3,109.87,1013670
2881.TW,富邦金,金融,baseline,5.09,1.09,30.21,47.1,17,8,32.1,126.26,1050950
2881.TW,富邦金,金融,A_volume,39.14,7.47,16.38,61.5,13,8,35.9,126.26,1391434
2881.TW,富邦金,金融,B_close_confirm,41.47,7.86,19.05,72.7,11,8,33.5,126.26,1414698
2881.TW,富邦金,金融,C_kbar,6.81,1.45,21.49,46.2,13,6,29.5,126.26,1068076
2881.TW,富邦金,金融,A+C,40.47,7.69,18.26,66.7,9,6,32.0,126.26,1404704
2881.TW,富邦金,金融,B+C,28.54,5.63,18.26,75.0,8,6,33.4,126.26,1285368
2891.TW,中信金,金融,baseline,50.84,9.38,27.07,66.7,21,14,25.9,245.37,1508381
2891.TW,中信金,金融,A_volume,40.59,7.71,15.31,62.5,16,10,22.4,245.37,1405920
2891.TW,中信金,金融,B_close_confirm,24.69,4.93,15.31,53.8,13,7,22.3,245.37,1246877
2891.TW,中信金,金融,C_kbar,24.2,4.84,22.24,61.1,18,11,26.8,245.37,1241980
2891.TW,中信金,金融,A+C,12.14,2.53,15.76,57.1,14,8,23.8,245.37,1121358
2891.TW,中信金,金融,B+C,3.78,0.81,16.42,50.0,12,6,23.1,245.37,1037796
1101.TW,台泥,傳產,baseline,-32.05,-8.08,36.83,18.8,16,3,27.2,-37.9,679489
1101.TW,台泥,傳產,A_volume,-25.78,-6.29,32.81,25.0,12,3,24.1,-37.9,742227
1101.TW,台泥,傳產,B_close_confirm,-3.93,-0.87,18.84,42.9,7,3,22.7,-37.9,960731
1101.TW,台泥,傳產,C_kbar,-19.87,-4.71,25.29,23.1,13,3,27.0,-37.9,801331
1101.TW,台泥,傳產,A+C,-12.64,-2.9,20.93,37.5,8,3,28.5,-37.9,873551
1101.TW,台泥,傳產,B+C,3.66,0.79,17.22,60.0,5,3,29.6,-37.9,1036563
1301.TW,台塑,傳產,baseline,-21.04,-5.02,40.07,52.6,19,10,27.5,-47.03,789575
1301.TW,台塑,傳產,A_volume,-39.68,-10.44,43.27,26.7,15,4,24.1,-47.03,603204
1301.TW,台塑,傳產,B_close_confirm,-46.58,-12.78,49.76,25.0,12,3,19.0,-47.03,534246
1301.TW,台塑,傳產,C_kbar,-37.33,-9.69,40.82,28.6,14,4,26.7,-47.03,626686
1301.TW,台塑,傳產,A+C,-37.07,-9.61,40.82,23.1,13,3,26.8,-47.03,629297
1301.TW,台塑,傳產,B+C,-41.98,-11.19,45.43,20.0,10,2,19.2,-47.03,580214
1326.TW,台化,傳產,baseline,-55.26,-16.08,57.87,28.0,25,7,18.2,-26.02,447442
1326.TW,台化,傳產,A_volume,-47.54,-13.12,51.53,26.3,19,5,17.3,-26.02,524609
1326.TW,台化,傳產,B_close_confirm,-45.02,-12.23,48.21,25.0,12,3,12.6,-26.02,549815
1326.TW,台化,傳產,C_kbar,-59.68,-17.97,59.68,10.5,19,2,18.1,-26.02,403184
1326.TW,台化,傳產,A+C,-51.85,-14.73,52.3,13.3,15,2,17.7,-26.02,481459
1326.TW,台化,傳產,B+C,-46.28,-12.67,46.76,10.0,10,1,13.7,-26.02,537202
7769.TW,豐祥-KY,精密,baseline,15.2,20.27,36.22,55.6,9,5,11.9,320.52,1151962
7769.TW,豐祥-KY,精密,A_volume,17.5,23.41,27.52,50.0,8,4,8.8,320.52,1175006
7769.TW,豐祥-KY,精密,B_close_confirm,9.17,12.13,29.57,40.0,5,2,15.0,320.52,1091720
7769.TW,豐祥-KY,精密,C_kbar,37.59,51.63,23.82,71.4,7,5,13.6,320.52,1375924
7769.TW,豐祥-KY,精密,A+C,11.06,14.66,29.57,60.0,5,3,15.8,320.52,1110598
7769.TW,豐祥-KY,精密,B+C,10.59,14.04,29.57,50.0,4,2,18.0,320.52,1105944
2049.TW,上銀,精密,baseline,-24.61,-5.98,52.24,38.5,26,10,19.0,17.52,753856
2049.TW,上銀,精密,A_volume,-18.55,-4.38,50.57,39.1,23,9,16.0,17.52,814459
2049.TW,上銀,精密,B_close_confirm,-25.95,-6.34,38.76,30.0,20,6,10.4,17.52,740461
2049.TW,上銀,精密,C_kbar,-25.52,-6.22,51.36,26.3,19,5,18.1,17.52,744769
2049.TW,上銀,精密,A+C,-14.98,-3.48,48.62,29.4,17,5,18.5,17.52,850230
2049.TW,上銀,精密,B+C,-17.84,-4.19,30.05,26.7,15,4,11.1,17.52,821621
1590.TW,亞德客-KY,精密,baseline,-49.65,-13.89,56.12,27.8,18,5,21.1,65.88,503534
1590.TW,亞德客-KY,精密,A_volume,-37.09,-9.61,49.31,33.3,15,5,22.7,65.88,629127
1590.TW,亞德客-KY,精密,B_close_confirm,-28.18,-6.96,42.07,36.4,11,4,22.5,65.88,718229
1590.TW,亞德客-KY,精密,C_kbar,-40.22,-10.61,46.38,35.7,14,5,17.9,65.88,597771
1590.TW,亞德客-KY,精密,A+C,-35.1,-8.99,41.78,38.5,13,5,18.5,65.88,649042
1590.TW,亞德客-KY,精密,B+C,-29.72,-7.4,37.51,33.3,9,3,20.4,65.88,702752
0050.TW,元大台灣50,ETF,baseline,54.09,9.88,13.87,50.0,20,10,22.7,250.98,1540939
0050.TW,元大台灣50,ETF,A_volume,61.58,11.02,13.87,52.9,17,9,23.2,250.98,1615755
0050.TW,元大台灣50,ETF,B_close_confirm,33.84,6.56,15.34,58.3,12,7,24.8,250.98,1338443
0050.TW,元大台灣50,ETF,C_kbar,14.51,3.0,18.22,50.0,14,7,22.1,250.98,1145054
0050.TW,元大台灣50,ETF,A+C,5.39,1.15,20.74,42.9,14,6,19.0,250.98,1053864
0050.TW,元大台灣50,ETF,B+C,11.53,2.41,16.92,50.0,12,6,20.7,250.98,1115329
0056.TW,元大高股息,ETF,baseline,17.27,3.53,25.12,54.2,24,13,21.3,144.85,1172685
0056.TW,元大高股息,ETF,A_volume,-1.5,-0.33,22.52,44.4,18,8,16.9,144.85,985005
0056.TW,元大高股息,ETF,B_close_confirm,26.79,5.31,6.18,72.7,11,8,21.1,144.85,1267946
0056.TW,元大高股息,ETF,C_kbar,-1.54,-0.34,26.94,42.1,19,8,17.7,144.85,984631
0056.TW,元大高股息,ETF,A+C,-6.73,-1.51,22.14,43.8,16,7,13.9,144.85,932688
0056.TW,元大高股息,ETF,B+C,15.01,3.09,6.64,70.0,10,7,18.2,144.85,1150104
6446.TW,藥華藥,其他,baseline,86.86,14.6,47.68,40.7,27,11,13.3,977.88,1868600
6446.TW,藥華藥,其他,A_volume,79.01,13.53,39.28,45.8,24,11,11.5,977.88,1790112
6446.TW,藥華藥,其他,B_close_confirm,31.52,6.15,50.95,42.9,21,9,11.9,977.88,1315183
6446.TW,藥華藥,其他,C_kbar,89.0,14.88,41.56,40.9,22,9,13.3,977.88,1890007
6446.TW,藥華藥,其他,A+C,106.01,17.06,36.3,45.0,20,9,13.3,977.88,2060098
6446.TW,藥華藥,其他,B+C,48.98,9.08,48.54,38.9,18,7,13.4,977.88,1489839
